"company","year","cash_equivalents","cash_cash_equivalents","cash_growth_percent","receivables","other_current_assets","total_current_assets","property_plant_equipment","long_term_investments","goodwill_and_intangibles","other_long_term_assets","total_long_term_assets","total_assets","accounts_payable","deferred_revenue","current_debt","other_current_liabilities","total_current_liabilities","long_term_debt","other_long_term_liabilities","total_long_term_liabilities","total_liabilities","total_debt","debt_growth_percent","retained_earnings","comprehensive_income","shareholders_equity","net_cash_debt","net_cash_per_share","working_capital","book_value_per_share","short_term_investments","inventory","net_cash_debt_growth_percent"
"wbd",2023,3780,3780,1.31,6047,4391,14218,5957,0,94483,8099,108539,122757,1260,1924,1780,10368,15332,41889,19064,60953,76285,43669,-10.88,-928,-741,45226,-39889,-16.37,-1114,18.57,NA,NA,NA
"wbd",2022,3731,3731,-4.46,6380,3888,13999,5301,0,106072,8629,120002,134001,1454,1694,365,11504,15017,48634,21683,70317,85334,48999,231.99,2205,-1523,47095,-45268,-23.33,-1018,24.28,NA,NA,NA
"wbd",2021,3905,3905,86.75,2446,913,7264,1336,0,23061,2766,27163,34427,412,478,339,2230,3459,14420,3152,17572,21031,14759,-4.19,9580,-830,11599,-10854,-16.35,3805,19.73,NA,NA,NA
"wbd",2020,2091,2091,34.73,2537,1502,6130,1206,507,24681,1563,27957,34087,397,557,335,1793,3082,15069,3553,18622,21704,15404,-0.1,8543,-651,10464,-13313,-19.81,3048,17.47,NA,NA,NA
"wbd",2019,1552,1552,57.4,2633,1032,5217,951,568,25425,1574,28518,33735,463,489,609,1678,3239,14810,3720,18530,21769,15419,-8.18,7333,-822,9891,-13867,-19.5,1978,18.7,NA,NA,NA
"wbd",2018,986,986,-86.51,2620,625,4231,800,935,26062,522,28319,32550,325,249,1819,1604,3997,14974,3062,18036,22033,16793,13.58,5254,-785,8386,-15807,-22.98,234,16.84,NA,NA,NA
"wbd",2017,7309,7309,2336.33,1838,844,9991,597,335,11466,166,12564,22555,277,255,30,1309,1871,14755,906,15661,17532,14785,86.61,4632,-585,4610,-7476,-12.98,8120,12.01,NA,NA,NA
"wbd",2016,300,300,-23.08,1495,707,2502,482,557,11951,180,13170,15672,241,163,82,1075,1561,7841,860,8701,10262,7923,2.43,5232,-762,5167,-7623,-12.5,941,12.88,NA,NA,NA
"wbd",2015,390,390,6.27,1479,727,2596,488,567,12237,-24,13268,15864,282,190,119,988,1579,7616,977,8593,10172,7735,8.81,4517,-633,5451,-7345,-11.2,1017,12.62,NA,NA,NA
"wbd",2014,367,367,-10.05,1433,691,2491,554,644,12509,-228,13479,15970,225,178,1107,1094,2604,6002,1013,7015,9619,7109,9.39,3809,-368,5602,-6742,-9.81,-113,12.34,NA,NA,NA
"tsla",2023,16398,29094,31.14,3508,3388,49616,45123,184,431,11264,57002,106618,14431,6115,2373,5829,28748,2857,11404,14261,43009,5230,68.76,27882,-143,62634,23864,7.52,20868,19.73,12696,13626,NA
"tsla",2022,16253,22185,25.29,2952,2941,40917,36635,184,409,4193,41421,82338,15255,4551,1502,5401,26709,1597,8134,9731,36440,3099,-54.65,12885,-361,44704,19086,6.1,14208,14.28,5932,12839,NA
"tsla",2021,17576,17707,-8.65,1913,1723,27100,31176,1260,457,2138,35031,62131,10025,3499,1589,4592,19705,5245,5598,10843,30548,6834,-41.78,329,54,30189,10873,3.67,7395,10.2,131,5757,NA
"tsla",2020,19384,19384,209.25,1886,1346,26717,23375,0,520,1536,25431,52148,6051,2742,2132,3323,14248,9607,4563,14170,28418,11739,-12.52,-5399,363,22225,7645,2.73,12469,7.94,0,4101,NA
"tsla",2019,6268,6268,61.59,1324,959,12103,20199,0,537,1470,22206,34309,3771,2370,1785,2741,10667,11634,3898,15532,26199,13419,12.09,-6083,-36,6618,-7151,-2.69,1436,2.49,0,3552,NA
"tsla",2018,3879,3879,10.1,949,366,8307,19691,820,350,572,21433,29740,3405,1621,2568,2399,9993,9404,4030,13434,23427,11972,16.06,-5318,-8,4923,-8093,-3.16,-1686,1.92,0,3113,NA
"tsla",2017,3523,3523,0.7,515.38,268.37,6571,20492,898.37,421.74,273.12,22085,28655,2390,2193,896.55,2195,7675,9418,5930,15348,23023,10315,44.7,-4974.3,33.35,4237,-6791.7,-2.73,-1104.15,1.7,0,2264,NA
"tsla",2016,3499,3499,186.89,499.14,194.47,6260,15037,774.47,376.15,216.75,16404,22664,1860,1615,1150,1202,5827,5978,4945,10923,16750,7128,164.38,-2997.24,-23.74,4753,-3629.7,-1.68,432.79,2.2,0,2067,NA
"tsla",2015,1220,1220,-36.98,168.97,115.67,2782,5195,31.52,12.82,46.86,5286,8068,916.15,870.07,627.93,396.89,2811,2068,2058,4126,6937,2696,8.37,-2322.32,-3.56,1084,-1476.77,-0.77,-29.03,0.56,0,1278,NA
"tsla",2014,1917,1935,126.23,226.6,64.76,3180,2596,0,0,54.58,2651,5831,777.95,483.92,611.1,234.2,2107,1877,876.61,2754,4861,2488,309.98,-1433.66,-0.02,911.71,-553.05,-0.3,1073,0.49,17.95,953.68,NA
"tm",2023,9412060,25171497,43.73,3789429,1147985,34714279,14790623,37737755,1355326,1516313,55400017,90114296,5251357,NA,17106421,6820131,29177909,21651310,4045739,25697049,54874958,38757731,23.8,32795365,0,34220991,-13586234,NA,5536370,25375.48,15759437,4605368,NA
"tm",2022,7516966,17512447,10.82,3586130,1105590,26459781,13125342,32274821,1249122,1194114,47843399,74303180,4986309,NA,13698036,5275370,23959715,17608344,3470908,21079252,45038967,31306380,11.79,28343296,0,28338706,-13793933,NA,2500066,20812.89,9995481,4255614,NA
"tm",2021,6113655,15802230,-1.68,3142832,955872,23722290,12775052,28938292,1191966,1061171,43966481,67688771,4292092,NA,12233889,5316180,21842161,15770102,2921688,18691790,40533951,28003991,4.7,26453126,0,26245969,-12201761,NA,1880129,18993.03,9688575,3821356,NA
"tm",2020,5100857,16072503,24.95,2958742,857527,22776800,11801297,25694242,1108634,886167,39490340,62267140,4045939,NA,12975935,4438592,21460466,13771007,2747338,16518345,37978811,26746942,20.26,24104176,0,23404547,-10674439,NA,1316334,16741.72,10971646,2888028,NA
"tm",2019,4098450,12863656,-0.29,2648360,917412,18963320,10871351,22616878,1000257,520557,35009043,53972363,3498029,NA,10445495,4198685,18142209,11794807,2696335,14491142,32633351,22240302,2.45,22234061,0,20618888,-9376646,NA,821111,14320.96,8765206,2533892,NA
"tm",2018,3602805,12900564,6.88,2954617,592229,19178450,11080935,21518010,908737,730273,34237955,53416405,3856133,NA,10177115,4449114,18482362,11532272,2746561,14278833,32761195,21709387,12.21,20613776,0,19907100,-8808823,NA,696088,13464.28,9297759,2731040,NA
"tm",2017,3953513,12070179,-0.21,2731462,811226,18152656,10267673,20643858,0,1244062,32155593,50308249,3634873,NA,9341190,4820828,17796891,10006374,2582908,12589282,30386173,19347564,1,19473464,435699,18735982,-7277385,NA,355765,12400.45,8116666,2539789,NA
"tm",2016,4077729,12095976,6.15,2577992,771110,17833695,10197109,19537789,0,1181593,30916491,48750186,3503320,NA,9244131,4571514,17318965,9911596,2850672,12762268,30081233,19155727,4.72,17601070,640922,17514812,-7059751,NA,514730,11355.65,8018247,2388617,NA
"tm",2015,3971462,11395535,-0.79,2484553,2267954,18209553,9740417,18714358,0,763269,29218044,47427597,3429792,NA,8521088,4173576,16124456,9772065,3442890,13214955,29339411,18293153,-3.61,16794240,610768,16746935,-6897618,NA,2085097,10643.74,7424073,2061511,NA
"tm",2014,2433878,11485839,16.05,2574574,1738366,17936397,9295719,19526117,0,971597,29793433,47729830,3323601,NA,8963492,4144403,16431496,10014395,3636610,13651005,30082501,18977887,16.23,15591947,1477545,16788131,-7492048,NA,1504901,10592.66,9051961,2137618,NA
"nflx",2023,7117,7138,17.82,NA,2780,9918,1491,NA,31658,5664,38814,48732,5214,1443,399.84,1804,8861,14143,5140,19283,28144,14543,1.33,22589,-223.95,20588,-7405.38,-16.47,1057,46.63,20.97,NA,NA
"nflx",2022,5147,6058,0.51,NA,3208,9266,1398,NA,32737,5193,39328,48595,5152,1265,0,1515,7931,14353,5533,19886,27817,14353,-6.76,17181,-217.31,20777,-8294.62,-18.38,1335,46.72,911.28,NA,NA
"nflx",2021,6028,6028,-26.54,NA,2042,8070,1323,NA,30920,4272,36515,44585,5130,1209,699.82,1449,8489,14693,5553,20246,28735,15393,-5.62,12689,-40.5,15849,-9365.09,-20.57,-419.14,35.77,0,NA,NA
"nflx",2020,8206,8206,63.51,NA,1556,9762,960.18,NA,25384,3175,29519,39280,5086,1118,499.88,1102,7806,15809,4600,20409,28215,16309,10.5,7573,44.4,11065,-8103.42,-17.84,1956,25.1,0,NA,NA
"nflx",2019,5018,5018,32.26,NA,1160,6179,565.22,NA,24505,2727,27797,33976,5088,924.75,0,843.04,6856,14759,4779,19538,26394,14759,42.46,4812,-23.52,7582,-9740.82,-21.56,-677.19,17.32,0,NA,NA
"nflx",2018,3794,3794,34.42,NA,5900,9694,418.28,NA,20102,-4240.34,16280,25974,5245,760.9,0,481.87,6487,10360,3888,14248,20736,10360,59.4,2942,-19.58,5239,-6565.58,-14.55,3207,12.03,0,NA,NA
"nflx",2017,2823,2823,62.81,NA,4847,7670,319.4,NA,14682,-3658.63,11343,19013,4533,618.62,0,315.09,5466,6499,3465,9964,15431,6499,93.19,1731,-20.56,3582,-3676.64,-8.23,2204,8.29,0,NA,NA
"nflx",2016,1468,1734,-24.97,NA,3987,5720,250.4,NA,11001,-3384.88,7866,13587,3946,443.47,0,197.63,4587,3364,2956,6320,10907,3364,41.87,1129,-48.57,2680,-1630.53,-3.72,1134,6.25,266.21,NA,NA
"nflx",2015,1809,2311,43.66,NA,3121,5432,173.41,NA,7219,-2621.2,4771,10203,3043,346.72,0,140.39,3530,2371,2078,4450,7979,2371,167.69,941.93,-43.31,2223,-60.65,-0.14,1902,5.22,501.39,NA,NA
"nflx",2014,1114,1608,34,NA,2319,3927,149.88,NA,4939,-1973.89,3115,7043,2319,274.59,0,69.75,2663,885.85,1636,2522,5185,885.85,77.17,819.28,-4.45,1858,722.65,1.67,1264,4.42,494.89,NA,NA
"meta",2023,41862,65403,60.55,16169,3793,85365,109881,6141,20654,7582,144258,229623,4849,0,1623,25488,31960,35611,8884,44495,76455,37234,NA,82070,-2155,153168,28169,10.71,53405,59.51,23541,NA,99.12
"meta",2022,14681,40738,-15.13,13466,5345,59549,92191,6201,21203,6583,126178,185727,6107,0,1367,19552,27026,25224,7764,32988,60014,26591,NA,64799,-3530,125713,14147,5.24,32523,46.79,26057,NA,-58.54
"meta",2021,16601,47998,-22.53,14039,4629,66666,69964,6775,19831,2751,99321,165987,5135,0,1127,14873,21135,12746,7227,19973,41108,13873,NA,69761,-693,124879,34125,11.94,45531,44.36,31397,NA,-33.48
"meta",2020,17576,61954,12.94,11335,2381,75670,54981,6234,19673,2758,83646,159316,2424,382,1023,11152,14981,9631,6414,16045,31026,10654,NA,77345,927,128290,51300,17.76,60689,45,44378,NA,15.2
"meta",2019,19079,54855,33.42,9518,1852,66225,44783,86,19609,2673,67151,133376,2249,269,800,11735,15053,9524,7745,17269,32322,10324,NA,55692,-489,101054,44531,15.48,51172,35.41,35776,NA,8.31
"meta",2018,10019,41114,-1.43,7587,1779,50480,24683,0,19595,2576,46854,97334,1361,147,0,5509,7017,0,6190,6190,13207,0,NA,41981,-760,84127,41114,14.08,43463,29.11,31095,NA,-1.43
"meta",2017,8079,41711,41.64,5832,1020,48563,13721,0,20105,2135,35961,84524,770,98,0,2892,3760,0,6417,6417,10177,0,NA,33990,-227,74347,41711,14.11,44803,25.63,33632,NA,41.64
"meta",2016,8903,29449,59.75,3993,959,34401,8591,0,20657,1312,30560,64961,582,90,0,2203,2875,0,2892,2892,5767,0,NA,21670,-703,59194,29449,10.07,31526,20.68,20546,NA,60.75
"meta",2015,4907,18434,64.6,2559,659,21652,5687,0,21272,796,27755,49407,413,56,7,1449,1925,107,3157,3264,5189,114,NA,9787,-455,44218,18320,6.42,19727,15.78,13527,NA,67.06
"meta",2014,4315,11199,-2.18,1678,513,13390,3967,0,21910,699,26576,39966,378,66,114,866,1424,119,2327,2446,3870,233,NA,6099,-228,36096,10966,4.12,11966,13.81,6884,NA,-0.06
"hmc",2023,4954565,7742742,29.77,1240090,446763,11872564,8437181,7791786,999689,672930,17901586,29774150,1609836,NA,4446448,2267208,8323492,6374886,2069900,8444786,16768278,10821334,30.72,10644213,NA,12696995,-3078592,NA,3549072,7825.86,2788177,2442969,NA
"hmc",2022,3803014,5966399,6.79,1060271,384494,9578348,7894401,5766275,870900,560143,15091719,24670067,1426333,NA,3615305,1610486,6652124,4662709,1852943,6515652,13167776,8278014,-3.98,9980128,NA,11184250,-2311615,NA,2926224,6641.64,2163385,2167184,NA
"hmc",2021,3674931,5586787,15.24,896768,439322,8841425,8238536,5527441,849507,516244,15131728,23973153,1236233,NA,3355204,1412962,6004399,5266335,1929873,7196208,13200607,8621539,5.35,9539133,NA,10472824,-3034752,NA,2837026,6065.53,1911856,1918548,NA
"hmc",2020,2758020,4847981,2.26,801814,383696,7579091,7941430,5139431,818763,442315,14341939,21921030,1088061,NA,3187769,1439627,5715457,4996170,1836564,6832734,12548191,8183939,2.53,8901266,NA,9082306,-3335958,NA,1863634,5260.12,2089961,1545600,NA
"hmc",2019,2672353,4740764,2.86,633909,365769,7301010,7677767,4380006,760434,342248,13160455,20461465,958469,NA,3457522,1374097,5790088,4524799,1860555,6385354,12175442,7982321,6.04,8142948,NA,8012259,-3241557,NA,1510922,4553.56,2068411,1560568,NA
"hmc",2018,2494121,4609028,6.93,793245,358234,7347294,7430689,4583805,744368,312966,13071828,20419122,1184882,NA,3321692,1474550,5981124,4206027,1666181,5872208,11853332,7527719,7.93,7973637,NA,8267720,-2918691,NA,1366170,4649.28,2114907,1586787,NA
"hmc",2017,2256488,4310364,4.26,800463,291006,6925288,7150566,4233436,741514,298360,12423876,19349164,1224627,NA,3032666,1366806,5624099,3941754,1549216,5490970,11115069,6974420,-0.02,7611332,NA,7933538,-2664056,NA,1301189,4401.94,2053876,1523455,NA
"hmc",2016,2105976,4134341,9.19,764026,292970,6555467,7305041,4032489,778192,286934,12402656,18958123,1183344,NA,2906712,1338786,5428842,4069431,1890224,5959655,11388497,6976143,4.69,6712894,NA,7295296,-2841802,NA,1126625,4047.81,2028365,1364130,NA
"hmc",2015,1757456,3786505,3.36,826714,315115,6241626,6817675,4010259,824939,334795,11987668,18229294,1128041,NA,2879429,1462881,5470351,3784383,1942772,5727155,11197506,6663812,-3.85,6194311,NA,6761433,-2877307,NA,771275,3751.58,2029049,1313292,NA
"hmc",2014,1471730,3663389,39.13,820681,313758,6296140,6524878,4550208,759535,295076,12129697,18425837,1157738,NA,2943278,1200038,5301054,3987423,1754539,5741962,11043016,6930701,18.33,6083573,NA,7108627,-3267312,NA,995086,3944.22,2191659,1498312,NA
"googl",2023,24048,110916,-2.5,47964,12650,171530,148436,31008,29198,22220,230862,402392,7493,13924,0,60397,81814,25713,11486,37199,119013,25713,-5.47,211247,-4402,283379,85203,NA,89716,22.64,86868,0,-1.57
"googl",2022,21879,113762,-18.54,40258,10775,164795,127049,30492,28960,13968,200469,365264,5128,12877,0,51295,69300,27202,12618,39820,109120,27202,3.8,195563,-7603,256144,86560,NA,95495,19.79,91883,0,-23.7
"googl",2021,20945,139649,2.16,39304,8020,188143,110558,29549,24373,6645,171125,359268,6037,12819,0,45398,64254,26206,17173,43379,107633,26206,4.5,191484,-1623,251635,113443,NA,123889,18.95,118704,1170,1.64
"googl",2020,26465,136694,14.22,30930,5944,174296,96960,20703,22620,5037,145320,319616,5589,10524,0,40721,56834,25078,15160,40238,97072,25078,69.81,163401,633,222544,111616,NA,117462,16.45,110229,728,6.4
"googl",2019,18498,119675,9.65,25326,6578,152578,84587,13078,22603,3063,123331,275909,5561,8182,0,31478,45221,14768,14478,29246,74467,14768,268.1,152122,-1232,201442,104907,NA,107357,14.6,101177,999,-0.21
"googl",2018,16701,109140,7.14,20838,4591,135676,59719,13859,20108,3430,97116,232792,4378,6772,0,23470,34620,4012,16532,20544,55164,4012,1.08,134885,-2306,177628,105128,NA,101056,12.77,92439,1107,7.38
"googl",2017,10715,101871,18,18336,3352,124308,42383,7813,19439,3352,72987,197295,3137,5747,0,15299,24183,3969,16641,20610,44793,3969,0.86,113247,-992,152502,97902,NA,100125,10.97,91156,749,18.82
"googl",2016,12918,86333,18.16,14137,4670,105408,34234,5878,19775,2202,62089,167497,2041,4243,0,10472,16756,3935,7770,11705,28461,3935,-24.62,105131,-2402,139036,82398,NA,88652,10.09,73415,268,21.45
"googl",2015,16549,73066,13.47,12006,4551,90114,29016,5183,19716,3432,57347,147461,4359,3268,3225,8458,19310,1995,5825,7820,27130,5220,-0.32,89223,-1874,120331,67846,NA,70804,8.75,56517,491,14.69
"googl",2014,18347,64395,9.67,10258,4003,78656,23883,3079,20206,3363,50531,129187,4493,2808,2009,7469,16779,3228,5320,8548,25327,5237,-0.15,75066,27,103860,59158,NA,61877,7.68,46048,0,10.63
"fdp",2023,33.8,33.8,96.51,482.1,28.5,1144,1470,22.2,435.2,112.2,2040,3184,479,NA,50,11.6,540.6,548.2,182.6,730.8,1271,598.2,-18.87,1341,-43.3,1896,-564.4,-11.76,603.7,39.52,NA,599.9,NA
"fdp",2022,17.2,17.2,6.83,464.5,90.7,1241,1523,18,557.9,118.3,2218,3459,549.9,NA,42.9,14.2,607,694.4,182.5,876.9,1484,737.3,5.03,1398,-41.5,1905,-720.1,-15.02,634.4,39.85,NA,669,NA
"fdp",2021,16.1,16.1,-2.42,437.3,40.2,1096,1615,8.7,566.5,111.7,2302,3398,580.1,NA,38.3,10.8,629.2,663.7,231.7,895.4,1525,702,2.45,1328,-66.9,1802,-685.9,-14.38,467.2,37.94,NA,602.8,NA
"fdp",2020,16.5,16.5,-50.45,435.2,52.9,1012,1591,1.9,574.4,83.9,2251,3263,511.8,NA,29,14,554.8,656.2,252.4,908.6,1463,685.2,-5.14,1271,-77,1728,-668.7,-14.03,457.5,36.33,NA,507.7,NA
"fdp",2019,33.3,33.3,56.34,439,27.4,1052,1565,1.9,581.9,149.3,2298,3350,522.2,NA,32.8,7.9,562.9,689.5,298.5,988,1551,722.3,9.04,1253,-65.4,1719,-689,-14.24,488.6,35.6,NA,551.8,NA
"fdp",2018,21.3,21.3,-15.14,473.5,78.7,1139,1392,6.1,590.3,127.8,2116,3255,576.6,NA,0.5,8.9,586,661.9,237.7,899.6,1486,662.4,85.23,1206,-41.6,1692,-641.1,-13.18,552.8,34.8,NA,565.3,NA
"fdp",2017,25.1,25.1,24.88,432.4,20.5,1020,1328,2,307.8,109,1747,2767,382.4,NA,0.6,10.8,393.8,357,224.9,581.9,975.7,357.6,53.94,1275,-30.6,1767,-332.5,-6.57,626,35.17,NA,541.8,NA
"fdp",2016,20.1,20.1,-19.28,412.2,35.6,961.1,1272,2,260.9,157.3,1692,2653,360.5,NA,0.6,8,369.1,231.7,236.1,467.8,836.9,232.3,-8.62,1286,-44.2,1792,-212.2,-4.08,592,34.79,NA,493.2,NA
"fdp",2015,24.9,24.9,-26.98,417.4,61.6,985.8,1215,2,263.7,129.2,1610,2596,359.1,NA,1.5,21.2,381.8,252.7,210.7,463.4,845.2,254.2,-4.76,1162,-23,1708,-229.3,-4.31,604,32.38,NA,481.9,NA
"fdp",2014,34.1,34.1,-19.76,413.6,77.1,1041,1170,2,330.5,131.7,1634,2675,382.1,NA,2.2,25.1,409.4,264.7,213.3,478,887.4,266.9,6.17,1198,2.6,1748,-232.8,-4.13,631.5,31.23,NA,516.1,NA
"elv",2023,6526,36369,6.06,17865,5795,60029,4359,6983,35590,1967,48899,108928,23021,1402,1874,15494,41791,23246,4486,27732,69523,25120,4.17,31749,-1313,39306,11249,NA,18238,167.29,29843,NA,10.52
"elv",2022,7387,34292,3.83,16044,5281,55617,4316,6437,34698,1687,47138,102755,21203,1112,1765,15616,39696,22349,4380,26729,66425,24114,4.7,29647,-2490,36243,10178,NA,15921,151.75,26905,NA,1.81
"elv",2021,4880,33028,7.47,13440,4654,51122,3919,5857,34843,1719,46338,97460,18488,1153,1874,13370,34885,21157,5290,26447,61332,23031,14.95,27088,-178,36060,9997,NA,16237,148.57,28148,NA,-6.55
"elv",2020,5741,30733,19.95,10958,4060,45751,3483,4847,31096,1438,40864,86615,16852,1259,700,10642,29453,19335,4628,23963,53416,20035,-0.25,23802,150,33199,10698,NA,16298,133.49,24992,NA,93.21
"elv",2019,4937,25622,15.73,10391,3020,39033,3133,4763,29174,1350,38420,77453,13040,1017,2298,7177,23532,17787,4406,22193,45725,20085,4.55,22573,-296,31728,5537,NA,15501,125.13,20685,NA,89.04
"elv",2018,3934,22140,-10.01,9301,2880,34321,2735,4246,29511,758,37250,71571,13214,902,1994,5855,21965,17217,3848,21065,43030,19211,-3.62,19988,-986,28541,2929,NA,12356,110.35,18206,NA,-37.28
"elv",2017,3609,24602,8.27,8452,3209,36263,2175,3938,27599,565,34277,70540,13583,860,2550,6363,23356,17382,3299,20681,44037,19932,26.74,18054,-101,26503,4670,NA,12907,103.22,20993,NA,-33.25
"elv",2016,4075,22723,10.87,8397,3195,34315,1978,2796,25526,467.9,30768,65083,13080,971.9,1368,5874,21294,14359,4330,18688,39983,15727,-0.87,16561,-267.9,25100,6996,NA,13021,95.28,18647,NA,51.1
"elv",2015,2114,20494,-4.88,7024,3344,30862,2020,2630,25720,485.4,30856,61718,12263,1146,540,5145,19093,15325,4257,19581,38674,15865,5.45,14779,-292.6,23044,4630,NA,11770,88.27,18381,NA,-28.79
"elv",2014,2152,21546,5.76,6943,3459,31948,1944,2232,25040,512.3,29729,61676,12095,1078,1024,4556,18753,14020,4653,18672,37425,15044,3.81,14014,171.9,24251,6502,NA,13195,89.84,19394,NA,10.57
"dis",2023,14182,14182,22.1,12330,4288,32763,34941,3080,123719,11076,172816,205579,20671,6138,4330,NA,31139,42101,28382,70483,101622,46431,-4.01,46093,-3292,99277,-32249,-17.62,1624,54.31,NA,1963,NA
"dis",2022,11615,11615,-27.22,12652,3089,29098,33596,3218,128511,9208,174533,203631,20213,5790,3070,NA,29073,45299,30380,75679,104752,48369,-11.1,43636,-4119,95008,-36754,-20.12,25,52.15,NA,1742,NA
"dis",2021,15959,15959,-10.91,13367,3000,33657,32624,3935,124735,8658,169952,203609,20894,4317,5866,NA,31077,48540,30981,79521,110598,54406,-7.2,40429,-6440,88553,-38447,-21.03,2580,48.76,NA,1331,NA
"dis",2020,17914,17914,230.64,12708,3046,35251,32078,3903,121884,8433,166298,201549,16801,4116,5711,NA,26628,52917,33741,86658,113286,58628,24.78,38315,-8322,83583,-40714,-22.52,8623,46.23,NA,1583,NA
"dis",2019,5418,5418,30.55,15481,5576,28124,31603,3224,126318,4715,165860,193984,17762,4722,8857,NA,31341,38129,30625,68754,100095,46986,125.09,42494,-6617,88877,-41568,-24.95,-3217,53.67,NA,1649,NA
"dis",2018,4150,4150,3.31,9334,1949,16825,29540,2899,38081,11253,81773,98598,9479,4591,3790,NA,17860,17084,10822,27906,45766,20874,-17.46,82679,-3097,48773,-16724,-11.1,-1035,32.54,NA,1392,NA
"dis",2017,4017,4017,-12.86,8633,1866,15889,28406,3202,38421,9871,79900,95789,8855,4568,6172,NA,19595,19119,12071,31190,50785,25291,25.39,72606,-3528,41315,-21274,-13.48,-3706,26.35,NA,1373,NA
"dis",2016,4610,4610,7.99,9065,1901,16966,27349,4280,34759,8679,75067,92033,9130,4025,3687,NA,16842,16483,11385,27868,44710,20170,16.35,66088,-3979,43265,-15560,-9.49,124,26.56,NA,1390,NA
"dis",2015,4269,4269,24.79,8019,2899,16758,25179,2643,34998,8604,71424,88182,7844,3927,4563,NA,16334,12773,10420,23193,39527,17336,17.17,59028,-2421,44525,-13067,-7.65,424,26.28,NA,1571,NA
"dis",2014,3421,3421,-12.97,7822,2352,15169,23332,2696,35315,7629,68972,84141,7595,3533,2164,NA,13292,12631,10040,22671,35963,14795,3.55,53734,-1968,44958,-11374,-6.47,1877,25.84,NA,1574,NA
"cvs",2023,8196,11455,-27.14,35227,3151,67858,30435,23019,120506,7910,181870,249728,14897,NA,4713,59579,79189,74672,19231,93903,173092,79385,12.23,61604,-297,76461,-67930,-52.66,-11331,59.5,3259,18025,NA
"cvs",2022,12945,15723,25.53,27276,3544,65633,30745,21096,102953,7848,162642,228275,14838,NA,3456,51127,69421,67276,19809,87085,156506,70732,-6.93,56398,-1264,71469,-55009,-41.58,-3788,54.47,2778,19090,NA
"cvs",2021,9408,12525,15.4,24431,5292,60008,32018,23025,108147,9801,172991,232999,12544,NA,5851,49412,67807,70148,19663,89811,157618,75999,-10.63,54906,965,75075,-63474,-47.76,-7799,56.92,3117,17760,NA
"cvs",2020,7854,10854,34.73,21742,5277,56369,33335,20812,110694,9505,174346,230715,11138,NA,7078,43801,62017,77964,21033,98997,161014,85042,-4.45,49640,1414,69389,-74188,-56.46,-5648,53.01,3000,18496,NA
"cvs",2019,5683,8056,22.41,19617,5113,50302,32904,17314,112870,9059,172147,222449,10492,NA,5377,37434,53303,83625,21351,104976,158279,89002,21.21,45108,1019,63864,-80946,-62.03,-3001,49.09,2373,17516,NA
"cvs",2018,4059,6581,264.19,17631,4581,45243,11349,15732,115202,8930,151213,196456,8925,NA,1985,33099,44009,71444,22460,93904,137913,73429,171.94,40911,102,58225,-66848,-64.03,1234,55.77,2522,16450,NA
"cvs",2017,1696,1807,-47.74,13181,945,31229,10292,112,52081,1417,63902,95131,8863,NA,4821,16964,30648,22181,4607,26788,57436,27002,-1.92,43556,-165,37691,-25195,-24.6,581,36.95,111,15296,NA
"cvs",2016,3371,3458,35.77,12164,660,31042,10175,0,51760,1485,63420,94462,17397,NA,1916,6937,26250,25615,5763,31378,57628,27531,0.24,38983,-305,36830,-24073,-22.31,4792,34.32,87,14760,NA
"cvs",2015,2459,2547,1.27,11888,722,29158,9855,0,51984,1440,63279,92437,15143,NA,1197,6829,23169,26267,5798,32065,55234,27464,113.06,35506,-358,37196,-24917,-22.13,5989,33.27,88,14001,NA
"cvs",2014,2481,2515,-39.79,9687,1851,25983,8843,0,37916,1445,48204,74187,11951,NA,1260,5816,19027,11630,5567,17197,36224,12890,-3.82,31849,-217,37958,-10375,-8.88,6956,32.69,34,11930,NA
"unh",2023,25427,33383,4.33,38970,6084,78437,11450,47609,118926,17298,195283,273720,64353,3355,4274,27072,99054,58263,17484,75747,174801,62537,8.53,95774,-7027,88756,-29154,-31.08,-20617,95.64,7956,NA,NA
"unh",2022,23365,31998,12.84,30450,6621,69069,10128,43728,107753,15027,176636,245705,56771,3075,3110,26281,89237,54513,15608,70121,159358,57623,25.26,86156,-8393,77772,-25625,-26.97,-20168,83,8633,NA,NA
"unh",2021,21375,28356,18.86,28082,5320,61758,8969,43114,85839,12526,150448,212206,49126,2571,3620,22975,78292,42383,15052,57435,135727,46003,5.83,77134,-5384,71760,-17647,-18.46,-16534,76.1,6981,NA,NA
"unh",2020,16921,23857,37.73,25404,4457,53718,8626,41242,82193,11510,143571,197289,44367,2842,4819,20392,72420,38648,15682,54330,126750,43467,6.86,69295,-3814,65491,-19610,-20.41,-18702,69.01,6936,NA,NA
"unh",2019,10985,17321,-0.2,21462,3851,42634,8704,37209,76008,9334,131255,173889,40695,2622,3870,14595,61782,36808,13137,49945,111727,40678,11.28,61178,-3578,57616,-23357,-24.18,-19148,60.59,6336,NA,NA
"unh",2018,10866,17356,-6.64,18250,3086,38692,8458,32510,68235,4326,113529,152221,36596,2396,1973,12244,53209,34581,8204,42785,95994,36554,15.34,55846,-4160,51696,-19198,-19.53,-14517,53.68,6490,NA,NA
"unh",2017,11981,18591,13.5,15830,2663,37084,7013,28341,63045,3575,101974,139058,33051,2269,2857,12286,50463,28835,7738,36573,87036,31692,-3.88,48730,-2667,47776,-13101,-13.3,-13379,49.56,6610,NA,NA
"unh",2016,10430,16380,2.96,15651,1848,33879,5901,23868,56125,3037,88931,122810,29752,1968,7193,10339,49252,25777,7592,33369,82621,32970,3.14,40945,-2681,38274,-16590,-17.14,-15373,40.2,5950,NA,NA
"unh",2015,10923,15909,30.42,13324,2406,31639,4861,18792,52844,3118,79615,111254,26324,2142,6634,7798,42898,25331,7564,32895,75793,31965,83.64,37125,-3334,33830,-16056,-16.6,-11259,35.5,4986,NA,NA
"unh",2014,7495,12198,1.9,9750,1608,23556,4418,18827,36609,2972,62826,86382,21287,1972,1399,5965,30623,16007,5910,21917,52540,17406,3.24,33836,-1392,32454,-5208,-5.28,-7067,33.39,4703,NA,NA
"bidu",2023,36734,205404,10.83,12467,12384,230255,38811,72623,43811,21259,176504,406759,37717,15614,22198,922,76451,62397,5303,67700,144151,84595,-7.4,161240,-895,243626,120809,42.58,153804,694.34,168670,NA,28.56
"bidu",2022,64486,185325,-2.93,17225,10300,212850,34338,78926,43574,21285,178123,390973,38014,13678,23361,4577,79630,67993,5545,73538,153168,91354,-0.17,148341,546,223478,93971,33.45,133220,642.64,120839,NA,-5.47
"bidu",2021,47671,190914,17.17,14836,7565,213315,35092,67332,42503,21792,166719,380034,41384,14155,17537,1412,74488,73970,7624,81594,156082,91507,10.8,145160,-8,211459,99407,35.33,138827,613.37,143243,NA,23.71
"bidu",2020,36540,162942,10.57,12832,7568,183342,27312,76233,37261,8560,149366,332708,36716,13567,17561,541,68385,65028,7452,72480,140865,82589,12.31,135284,199,182696,80353,29.16,114957,534.98,126402,NA,8.84
"bidu",2019,34439,147363,4.18,12574,5625,165562,25643,69410,30492,10209,135754,301316,32701,12617,10857,1205,57380,62677,8444,71121,128501,73534,13.3,126268,-1383,163599,73829,26.45,108182,469.61,112924,NA,-3.55
"bidu",2018,29827,141453,-1.09,11097,2544,155094,17903,80454,27717,16398,142472,297566,35381,11107,10001,364,56853,54903,10058,64961,121814,64904,48.98,129246,210,162897,76549,27.2,98241,466.75,111626,NA,-23.02
"bidu",2017,11336,143005,55.51,4748,3416,151169,12475,59750,21273,7061,100559,251728,27523,1429,7754,45351,82057,35812,3487,39299,121356,43566,-1.58,102328,930,115346,99439,35.56,69112,332.17,131669,NA,108.48
"bidu",2016,11216,91960,34.74,4466,3334,99760,11294,48399,19214,3330,82237,181997,21630,1190,9794,13488,46102,34470,3682,38152,84254,44264,26.21,85734,-1783,92274,47696,17.15,53658,266.19,80744,NA,43.74
"bidu",2015,10056,68252,19.82,5877,4104,78234,10627,38081,18730,2182,69620,147853,17840,952.94,1121,6189,26103,33950,3585,37535,63638,35071,36.02,74659,-806.06,80256,33181,11.84,52131,229.81,58196,NA,6.42
"bidu",2014,14266,56965,47.25,3664,3407,64036,8705,3545,20993,1838,35082,99118,12965,722.98,2318,4265,20271,23467,1328,24795,45066,25785,46.01,47701,-279.52,51072,31180,11.07,43766,145.66,42699,NA,48.28
"agro",2023,339.78,402.42,22.23,218.12,179.09,1056,1956,33.36,27.52,92.06,2109,3165,191.74,NA,260.05,42.27,494.05,1023,381.78,1405,1899,1283,-4.63,418.79,-603.86,1229,-881.04,NA,561.62,11.53,62.64,256.05,NA
"agro",2022,230.65,329.22,64.8,228.38,191.4,1023,1926,33.33,36.12,90.85,2086,3109,259.61,NA,334.2,17.05,610.85,1012,322.83,1334,1945,1346,26.42,202.34,-456.03,1126,-1016.51,NA,412.17,10.14,98.57,274.02,NA
"agro",2021,199.77,199.77,-40.6,188.08,134.43,761.8,1683,32.13,31.34,73.74,1821,2582,169.03,NA,157.3,31.1,357.43,907.21,269.94,1177,1535,1065,-8.77,115.74,-514.61,1012,-864.74,NA,404.37,8.63,0,239.52,NA
"agro",2020,336.28,336.28,15.85,197.93,98.9,766.57,1568,31.18,26.93,89.57,1716,2482,126.61,NA,193.96,38.6,359.17,972.9,186.45,1159,1519,1167,-1.5,8.67,-555.04,925.04,-830.58,NA,407.4,7.9,0,133.46,NA
"agro",2019,290.28,290.28,6.08,172.33,73.67,649.07,1731,34.3,33.68,72.99,1872,2521,110.49,NA,229.89,24.02,364.4,954.77,173.25,1128,1492,1185,37.41,18.73,-492.37,988.27,-894.39,NA,284.67,8.36,0,112.79,NA
"agro",2018,273.64,273.64,1.65,197.51,61.59,660.83,1480,40.73,27.91,67.47,1617,2277,106.44,NA,143.63,27.78,277.85,718.48,172.9,891.38,1169,862.12,5.4,237.19,-666.04,1064,-588.48,NA,382.99,9,0,128.1,NA
"agro",2017,269.2,269.2,69.77,172.21,139.12,689.45,831.38,42.34,17.19,64.73,955.64,1645,99.25,NA,154.9,28.26,282.41,663.06,16.6,679.66,962.07,817.96,28.73,106.21,-552.6,673.88,-548.76,NA,407.04,5.56,0,108.92,NA
"agro",2016,158.57,158.57,-20.28,174.94,122.9,568.16,814.87,44.58,17.25,51.54,928.24,1496,93.59,NA,205.09,33.8,332.48,430.3,21.31,451.62,784.09,635.4,-12.16,93,-533.12,700.33,-476.83,NA,235.68,5.78,0,111.75,NA
"agro",2015,198.89,198.89,74.78,166.81,88.4,539.38,696.89,4.8,16.66,97.67,816.01,1355,55.64,NA,239.69,28.44,323.77,483.65,20.56,504.21,827.98,723.34,3.56,48.8,-568.32,520.08,-524.45,NA,215.61,4.32,0,85.29,NA
"agro",2014,113.8,113.8,-50.98,215.12,73.23,519.25,991.58,9.43,23.78,102.13,1127,1646,85.49,NA,207.18,39.58,332.26,491.32,45.36,536.68,868.94,698.51,5.81,54.24,-397.56,769.64,-584.71,NA,186.99,6.32,0,117.11,NA
"adm",2023,1368,8596,-14.44,4232,4982,29767,11719,5500,6341,1304,24864,54631,14180,NA,406,4076,18662,9190,2634,11824,30486,9596,-6.73,23465,-2487,24145,-1000,-1.85,11105,44.63,7228,11957,NA
"adm",2022,1037,10047,12.14,4926,5666,35410,11021,5467,6544,1332,24364,59774,17659,NA,1737,4795,24191,8551,2715,11266,35457,10288,-2.77,23646,-2509,24317,-241,-0.43,11219,43.27,9010,14771,NA
"adm",2021,943,8959,36.65,3311,5158,31909,10826,5285,6747,1369,24227,56136,15353,NA,1805,4790,21948,8776,2904,11680,33628,10581,-4.27,21655,-2172,22508,-1622,-2.87,9961,39.91,8016,14481,NA
"adm",2020,666,6556,23.47,2793,6224,27286,10881,4913,5585,1054,22433,49719,10934,NA,2305,4943,18182,8748,2767,11515,29697,11053,11.91,19780,-2604,20022,-4497,-7.96,9104,35.69,5890,11713,NA
"adm",2019,852,5310,-18.35,2267,4600,21347,11077,5132,5476,965,22650,43997,8768,NA,1424,3542,13734,8453,2585,11038,24772,9877,17.75,18958,-2405,19225,-4567,-8.08,7613,34.15,4458,9170,NA
"adm",2018,1997,6503,15.51,2233,3039,20588,9953,5317,4041,934,20245,40833,8173,NA,690,2913,11776,7698,2363,10061,21837,8388,11.94,18527,-2106,18996,-1885,-3.32,8812,33.68,4506,8813,NA
"adm",2017,804,5630,-4.99,1947,3175,19925,10138,5180,3918,802,20038,39963,8867,NA,870,2833,12570,6623,2448,9071,21641,7493,8.11,17552,-1637,18322,-1863,-3.26,7355,32.2,4826,9173,NA
"adm",2016,619,5926,-9.69,1905,4383,21045,9758,4684,3703,579,18724,39769,8764,NA,427,3982,13173,6504,2911,9415,22588,6931,17.93,17444,-2598,17181,-1005,-1.7,7872,29.22,5307,8831,NA
"adm",2015,910,6562,1.09,1738,5286,21829,9853,4340,3688,447,18328,40157,9294,NA,98,4113,13505,5779,2958,8737,22242,5877,3.83,16865,-2146,17915,685,1.1,8324,28.99,5652,8243,NA
"adm",2014,1099,6491,-13.63,2704,7459,26028,9851,4377,3392,349,17969,43997,10200,NA,132,5270,15602,5528,3237,8765,24367,5660,-17.61,15701,-1241,19630,831,1.27,10426,30.06,5392,9374,NA
