"company","year","revenue","revenue_growth_yo_y_percent","cost_of_revenue","gross_profit","selling_general_admin","other_operating_expenses","operating_expenses","operating_income","interest_expense_income","other_expense_income","pretax_income","income_tax","net_income","shares_outstanding_basic","shares_outstanding_diluted","shares_change_percent","eps_basic","eps_diluted","free_cash_flow","free_cash_flow_per_share","gross_margin_percent","operating_margin_percent","profit_margin_percent","free_cash_flow_margin_percent","ebitda","ebitda_margin_percent","depreciation_amortization","ebit","ebit_margin_percent","research_development","net_income_growth_percent","eps_growth_percent","effective_tax_rate_percent","preferred_dividends","net_income_common","dividend_per_share","dividend_growth_percent"
"wbd",2023,41321,22.19,24526,16795,9696,8647,18343,-1548,2221,141,-3910,-784,-3126,2436,2436,25.57,-1.28,-1.28,6161,2.53,40.65,-3.75,-7.57,14.91,6296,15.24,7985,-1689,-4.09,NA,NA,NA,NA,NA,NA,NA,NA
"wbd",2022,33817,177.39,20442,13375,9678,11067,20745,-7370,1777,-113,-9034,-1663,-7371,1940,1940,192.17,-3.82,-3.82,3317,1.71,39.55,-21.79,-21.8,9.81,-64,-0.19,7193,-7257,-21.46,NA,NA,NA,NA,NA,NA,NA,NA
"wbd",2021,12191,14.24,4620,7571,4016,1543,5559,2012,633,137,1242,236,1006,588,664,-1.19,1.55,1.54,2425,4.12,62.1,16.5,8.25,19.89,3457,28.36,1582,1875,15.38,NA,NA,NA,NA,NA,NA,NA,NA
"wbd",2020,10671,-4.24,3860,6811,2722,1574,4296,2515,648,275,1592,373,1219,599,672,-5.49,1.82,1.81,2337,3.9,63.83,23.57,11.42,21.9,3599,33.73,1359,2240,20.99,NA,NA,NA,NA,NA,NA,NA,NA
"wbd",2019,11144,5.6,3819,7325,2788,1528,4316,3009,677,182,2150,81,2069,529,711,3.34,2.9,2.88,3110,5.88,65.73,27,18.57,27.91,4174,37.46,1347,2827,25.37,NA,NA,NA,NA,NA,NA,NA,NA
"wbd",2018,10553,53.54,3935,6618,2620,2148,4768,1850,729,186,935,341,594,498,688,19.44,0.86,0.86,2429,4.88,62.71,17.53,5.63,23.02,3062,29.02,1398,1664,15.77,NA,NA,NA,NA,NA,NA,NA,NA
"wbd",2017,6873,5.79,2656,4217,1768,1732,3500,717,475,403,-161,176,-337,384,576,-5.57,-0.59,-0.59,1494,3.89,61.36,10.43,-4.9,21.74,644,9.37,330,314,4.57,NA,NA,NA,NA,NA,NA,NA,NA
"wbd",2016,6497,1.61,2432,4065,1690,380,2070,1995,353,-5,1647,453,1194,401,610,-7.01,1.97,1.96,1292,3.22,62.57,30.71,18.38,19.89,2322,35.74,322,2000,30.78,NA,NA,NA,NA,NA,NA,NA,NA
"wbd",2015,6394,2.06,2343,4051,1669,397,2066,1985,330,110,1545,511,1034,432,656,-4.51,1.59,1.58,1191,2.76,63.36,31.04,16.17,18.63,2205,34.49,330,1875,29.32,NA,NA,NA,NA,NA,NA,NA,NA
"wbd",2014,6265,13.19,2124,4141,1692,419,2111,2030,328,-47,1749,610,1139,454,687,-4.85,1.67,1.66,1198,2.64,66.1,32.4,18.18,19.12,2406,38.4,329,2077,33.15,NA,NA,NA,NA,NA,NA,NA,NA
"tsla",2023,96773,18.8,79113,17660,4800,0,8769,8891,156,-1261,9996,-5001,14997,3174,3174,1.41,4.73,4.3,4357,1.37,18.25,9.19,15.5,4.5,14819,15.31,4667,10152,10.49,3969,NA,NA,NA,NA,NA,NA,NA
"tsla",2022,81462,51.35,60609,20853,3946,176,7197,13656,191,-223,13688,1132,12556,3130,3130,5.78,4.02,3.62,7561,2.42,25.6,16.76,15.41,9.28,17626,21.64,3747,13879,17.04,3075,NA,NA,NA,NA,NA,NA,NA
"tsla",2021,53823,70.67,40217,13606,4517,-27,7083,6523,371,-66,6218,699,5519,2959,2959,5.75,1.87,1.63,4983,1.68,25.28,12.12,10.25,9.26,9500,17.65,2911,6589,12.24,2593,NA,NA,NA,NA,NA,NA,NA
"tsla",2020,31536,28.31,24906,6630,3145,0,4636,1994,748,233,1013,292,721,2798,2798,5.15,0.25,0.21,2711,0.97,21.02,6.32,2.29,8.6,4083,12.95,2322,1761,5.58,1491,NA,NA,NA,NA,NA,NA,NA
"tsla",2019,24578,14.52,20509,4069,2646,149,4138,-69,685,-2,-752,110,-862,2661,2661,3.99,-0.33,-0.33,973,0.37,16.56,-0.28,-3.51,3.96,2087,8.49,2154,-67,-0.27,1343,NA,NA,NA,NA,NA,NA,NA
"tsla",2018,21461,82.51,17419,4042,2835,135,4430,-388,663,-133,-918,58,-976,2559,2559,2.77,-0.38,-0.38,-221,-0.09,18.83,-1.81,-4.55,-1.03,1646,7.67,1901,-255,-1.19,1460,NA,NA,NA,NA,NA,NA,NA
"tsla",2017,11759,67.98,9536,2223,2477,0,3855,-1632,471,-173,-1930,32,-1962,2490,2490,15.11,-0.79,-0.79,-4142,-1.66,18.9,-13.88,-16.69,-35.22,177,1.51,1636,-1459,-12.41,1378,NA,NA,NA,NA,NA,NA,NA
"tsla",2016,7000,73.01,5401,1599,1432,0,2267,-667.34,198.81,-217.93,-648.22,26.7,-674.91,2163,2163,12.49,-0.31,-0.31,-1564.3,-0.72,22.85,-9.53,-9.64,-22.35,497.69,7.11,947.1,-449.41,-6.42,834.41,NA,NA,NA,NA,NA,NA,NA
"tsla",2015,4046,26.5,3123,923.5,922.23,0,1640,-716.63,118.85,40.14,-875.62,13.04,-888.66,1923,1923,2.94,-0.46,-0.46,-2159.35,-1.12,22.82,-17.71,-21.96,-53.37,-334.18,-8.26,422.59,-756.77,-18.7,717.9,NA,NA,NA,NA,NA,NA,NA
"tsla",2014,3198,58.85,2317,881.67,603.66,0,1068,-186.69,100.89,-2.94,-284.64,9.4,-294.04,1868,1868,4.29,-0.16,-0.16,-1027.22,-0.55,27.57,-5.84,-9.19,-32.12,48.18,1.51,231.93,-183.75,-5.75,464.7,NA,NA,NA,NA,NA,NA,NA
"tm",2023,45095325,21.37,35727007,9368318,4015383,NA,4015383,5352935,103709,-1589372,6838598,1893665,4944933,13486,NA,-0.96,3659.4,3659.4,1655885,1227.87,20.77,11.87,10.97,3.67,9029373,20.02,2087066,6942307,15.39,NA,101.73,103.9,27.69,NA,NA,NA,NA
"tm",2022,37154298,18.4,30841282,6313016,3587990,NA,3587990,2725026,125113,-1027170,3627083,1175765,2451318,13616,NA,-1.47,1794.7,1794.7,1313121,964.4,16.99,7.33,6.6,3.53,5792100,15.59,2039904,3752196,10.1,NA,-13.99,-12.55,32.42,NA,NA,NA,NA
"tm",2021,31379507,15.3,25407834,5971673,2975977,NA,2975977,2995696,43997,-1014329,3966028,1115918,2850110,13819,NA,-1.15,2052.3,2052.3,1818337,1315.85,19.03,9.55,9.08,5.79,5831905,18.59,1821880,4010025,12.78,NA,26.94,29.13,28.14,NA,NA,NA,NA
"tm",2020,27214594,-8.88,22382220,4832374,2634625,NA,2634625,2197749,47537,-745025,2895237,649976,2245261,13980,NA,-2.9,1606.5,1589.3,649905,464.89,17.76,8.08,8.25,2.39,4587064,16.86,1644290,2942774,10.81,NA,10.27,10.35,22.45,NA,NA,NA,NA
"tm",2019,29866547,-1.19,24485351,5381196,2981965,NA,2981965,2399231,47155,-365881,2717957,681817,2036140,14398,NA,-2.62,1454.9,1440.2,396054,275.08,18.02,8.03,6.82,1.33,4360459,14.6,1595347,2765112,9.26,NA,8.14,11.62,25.09,NA,NA,NA,NA
"tm",2018,30225681,2.88,24781785,5443896,2976351,NA,2976351,2467545,28078,-103350,2542817,659944,1882873,14785,NA,-2.14,1301.1,1290.22,1478221,999.8,18.01,8.16,6.23,4.89,4363270,14.44,1792375,2570895,8.51,NA,-24.5,-22.54,25.95,NA,NA,NA,NA
"tm",2017,29379510,6.46,23889153,5490357,3090495,NA,3090495,2399862,27586,-626113,2998389,504406,2493983,15109,NA,-2.04,1684,1665.56,1907513,1262.49,18.69,8.17,8.49,6.49,4760008,16.2,1734033,3025975,10.3,NA,36.2,38.98,16.82,NA,NA,NA,NA
"tm",2016,27597193,-2.84,22734336,4862857,2868485,NA,2868485,1994372,29353,-494990,2460009,628900,1831109,15424,NA,-1.97,1210.94,1198.44,1306567,847.11,17.62,7.23,6.64,4.73,4100312,14.86,1610950,2489362,9.02,NA,-20.82,-18.51,25.56,NA,NA,NA,NA
"tm",2015,28403118,4.29,22605465,5797653,2943682,NA,2943682,2853971,35403,-372395,3190963,878269,2312694,15734,NA,-0.72,1482.72,1470.72,1555515,988.63,20.41,10.05,8.14,5.48,4852203,17.08,1625837,3226366,11.36,NA,6.41,6.94,27.52,NA,NA,NA,NA
"tm",2014,27234521,6,21841676,5392845,2642281,NA,2642281,2750564,22871,-339114,3066807,893469,2173338,15849,NA,0.07,1376.04,1375.32,1173155,740.22,19.8,10.1,7.98,4.31,4498753,16.52,1409075,3089678,11.34,NA,19.21,19.61,29.13,NA,NA,NA,NA
"nflx",2023,33723,6.67,19715,14008,4378,NA,7054,6954,699.83,48.77,6205,797.42,5408,442,449,-0.4,12.25,12.03,6926,15.68,41.54,20.62,16.04,20.54,21460,63.63,14554,6905,20.48,2676,20.39,20.9,12.85,NA,NA,NA,NA
"nflx",2022,31616,6.46,19168,12447,4103,NA,6814,5633,706.21,-337.31,5264,772.01,4492,445,451,-0.9,10.1,9.95,1619,3.64,39.37,17.82,14.21,5.12,20333,64.31,14363,5970,18.88,2711,-12.2,-11.48,14.67,NA,NA,NA,NA
"nflx",2021,29698,18.81,17333,12365,3897,NA,6171,6195,765.62,-411.21,5840,723.88,5116,443,455,0.26,11.55,11.24,-131.98,-0.3,41.64,20.86,17.23,-0.44,19045,64.13,12439,6606,22.24,2274,85.28,84.87,12.39,NA,NA,NA,NA
"nflx",2020,24996,24.01,15276,9720,3305,NA,5134,4585,767.5,618.44,3199,437.95,2761,441,454,0.54,6.26,6.08,1929,4.38,38.89,18.34,11.05,7.72,14889,59.57,10923,3967,15.87,1830,47.91,47.22,13.69,NA,NA,NA,NA
"nflx",2019,20156,27.62,12440,7716,3567,NA,5112,2604,626.02,-84,2062,195.32,1867,438,452,0.12,4.26,4.13,-3140.36,-7.17,38.28,12.92,9.26,-15.58,12008,59.57,9320,2688,13.34,1545,54.13,54.1,9.47,NA,NA,NA,NA
"nflx",2018,15794,35.08,9968,5827,3000,NA,4222,1605,420.49,-41.73,1226,15.22,1211,435,451,0.99,2.78,2.68,-2854.43,-6.56,36.89,10.16,7.67,-18.07,9262,58.64,7615,1647,10.43,1222,116.71,114.4,1.24,NA,NA,NA,NA
"nflx",2017,11693,32.41,8033,3660,1867,NA,2821,838.68,238.2,115.15,485.32,-73.61,558.93,432,447,1.86,1.29,1.25,-1959.25,-4.54,31.3,7.17,4.78,-16.76,6993,59.81,6270,723.53,6.19,953.71,199.41,190.7,-15.17,NA,NA,NA,NA
"nflx",2016,8831,30.26,6257,2573,1413,NA,2193,379.79,150.11,-30.83,260.51,73.83,186.68,429,439,0.5,0.44,0.43,-1658.81,-3.87,29.14,4.3,2.11,-18.78,5336,60.42,4925,410.62,4.65,780.23,52.22,53.57,28.34,NA,NA,NA,NA
"nflx",2015,6780,23.16,4591,2188,1231,NA,1882,305.83,132.72,31.23,141.89,19.24,122.64,426,436,1.06,0.29,0.28,-918.65,-2.16,32.27,4.51,1.81,-13.55,3822,56.37,3547,274.6,4.05,650.79,-54.03,-54.84,13.56,NA,NA,NA,NA
"nflx",2014,5505,25.83,3753,1752,876.93,NA,1349,402.65,50.22,3.06,349.37,82.57,266.8,421,432,1.54,0.63,0.62,-128.03,-0.3,31.83,7.31,4.85,-2.33,3181,57.79,2782,399.59,7.26,472.32,137.36,138.46,23.63,NA,NA,NA,NA
"meta",2023,134902,15.69,25959,108943,23709,NA,62192,46751,NA,-677,47428,8330,39098,2574,2629,-2.7,15.19,14.87,44068,17.12,80.76,34.66,28.98,32.67,58606,43.44,11178,47428,35.16,38483,68.53,73.11,17.56,0,39098,NA,NA
"meta",2022,116609,-1.12,25249,91360,27078,NA,62416,28944,NA,125,28819,5619,23200,2687,2702,-5.49,8.63,8.59,19289,7.18,78.35,24.82,19.9,16.54,37505,32.16,8686,28819,24.71,35338,-41.07,-37.62,19.5,0,23200,NA,NA
"meta",2021,117929,37.18,22649,95280,23872,NA,48527,46753,NA,-531,47284,7914,39370,2815,2859,-1,13.99,13.77,39116,13.9,80.79,39.65,33.38,33.17,55251,46.85,7967,47284,40.1,24655,35.08,36.47,16.74,0,39370,NA,NA
"meta",2020,85965,21.6,16692,69273,18155,NA,36602,32671,NA,-509,33180,4034,29146,2851,2888,0.42,10.22,10.09,23632,8.29,80.58,38.01,33.9,27.49,40042,46.58,6862,33180,38.6,18447,57.67,56.92,12.16,0,29146,NA,NA
"meta",2019,70697,26.61,12770,57927,20341,NA,33941,23986,NA,-826,24812,6327,18485,2854,2876,-1.54,6.48,6.43,21212,7.43,81.94,33.93,26.15,30,30553,43.22,5741,24812,35.1,13600,-16.4,-15.06,25.5,0,18485,NA,NA
"meta",2018,55838,37.35,9355,46483,11297,NA,21570,24913,NA,-448,25361,3249,22112,2890,2921,-1.18,7.65,7.57,15359,5.32,83.25,44.62,39.6,27.51,29676,53.15,4315,25361,45.42,10273,38.89,40.45,12.81,1,22111,NA,NA
"meta",2017,40653,47.09,5454,35199,7242,NA,14996,20203,NA,-391,20594,4660,15934,2901,2956,1.06,5.49,5.39,17483,6.03,86.58,49.7,39.16,43.01,23619,58.1,3025,20594,50.66,7754,56.26,54.44,22.63,14,15920,NA,NA
"meta",2016,27638,54.16,3789,23849,5503,NA,11422,12427,NA,-91,12518,2301,10217,2863,2925,2.52,3.56,3.49,11617,4.06,86.29,44.96,36.86,42.03,14860,53.77,2342,12518,45.29,5919,177.68,170.54,18.38,29,10188,NA,NA
"meta",2015,17928,43.82,2867,15061,4020,NA,8836,6225,NA,31,6194,2506,3688,2803,2853,7.09,1.31,1.29,7797,2.78,84.01,34.72,20.47,43.49,8139,45.4,1945,6194,34.55,4816,25.44,17.27,40.46,19,3669,NA,NA
"meta",2014,12466,58.36,2153,10313,2653,NA,5319,4994,NA,84,4910,1970,2940,2614,2664,5.84,1.12,1.1,5495,2.1,82.73,40.06,23.46,44.08,6153,49.36,1243,4910,39.39,2666,96.18,83.33,40.12,15,2925,NA,NA
"hmc",2023,20428802,20.83,16016659,4412143,2106539,NA,3030166,1381977,59631,-244622,1566968,459794,1107174,4867,NA,NA,677.64,677.64,413016,254.56,21.6,6.76,5.42,2.02,2420965,11.85,794366,1626599,7.96,923627,69.96,76.45,29.34,NA,NA,0.574,-32.71
"hmc",2022,16907725,16.18,13576133,3331592,1669908,NA,2550823,780769,36112,-69015,813672,162256,651416,5052,NA,NA,384.03,384.03,1670180,991.82,19.7,4.62,3.85,9.88,1571414,9.29,721630,849784,5.03,880915,-7.87,-6.58,19.94,NA,NA,0.853,-3.62
"hmc",2021,14552696,10.49,11567923,2984773,1326485,NA,2113541,871232,16867,-162191,1016556,309489,707067,5180,NA,NA,411.09,411.09,1438587,833.18,20.51,5.99,4.86,9.89,1644486,11.3,611063,1033423,7.1,787056,7.55,7.97,30.44,NA,NA,0.885,-4.94
"hmc",2020,13170519,-11.79,10439689,2730830,1331728,NA,2070622,660208,13877,-229703,876034,218609,657425,5180,NA,NA,380.75,380.75,760739,440.59,20.73,5.01,4.99,5.78,1514150,11.5,624239,889911,6.76,738894,44.25,46.37,24.95,NA,NA,0.931,-5.19
"hmc",2019,14931009,-6.03,11851659,3079350,1641590,NA,2445713,633637,24689,-126784,735732,279986,455746,5279,NA,NA,260.13,260.13,626858,356.26,20.62,4.24,3.05,4.2,1460298,9.78,699877,760421,5.09,804123,-25.33,-24.82,38.06,NA,NA,0.982,3.48
"hmc",2018,15888617,3.43,12580949,3307668,1774393,NA,2581298,726370,13217,-200252,913405,303089,610316,5335,NA,NA,345.99,345.99,375985,211.43,20.82,4.57,3.84,2.37,1648317,10.37,721695,926622,5.83,806905,-42.39,-41.44,33.18,NA,NA,0.949,4.06
"hmc",2017,15361146,9.73,12000581,3360565,1775151,NA,2527007,833558,12970,-225083,1045671,-13666,1059337,5407,NA,NA,590.79,590.79,587150,325.78,21.88,5.43,6.9,3.82,1771734,11.53,713093,1058641,6.89,751856,71.81,72.7,-1.31,NA,NA,0.912,11.49
"hmc",2016,13999200,-4.12,10865848,3133352,1601212,NA,2292641,840711,12471,-115921,944161,327592,616569,5407,NA,NA,342.1,342.1,409651,227.3,22.38,6.01,4.4,2.93,1630961,11.65,674329,956632,6.83,691429,78.96,78.96,34.7,NA,NA,0.818,11.14
"hmc",2015,14601151,9.55,11332399,3268752,2108874,NA,2765376,503376,18146,-88393,573623,229092,344531,5407,NA,NA,191.16,191.16,781436,433.58,22.39,3.45,2.36,5.35,1252483,8.58,660714,591769,4.05,656502,-32.37,-32.37,39.94,NA,NA,0.736,11.68
"hmc",2014,13328099,6.57,10330784,2997315,1720550,NA,2326712,670603,18194,-102165,754574,245139,509435,5407,NA,NA,282.66,282.66,405442,224.96,22.49,5.03,3.82,3.04,1397997,10.49,625229,772768,5.8,606162,-18.45,-18.45,32.49,NA,NA,0.659,-46.16
"googl",2023,307394,8.68,133332,174062,44342,0,89769,84293,308,-1732,85717,11922,73795,12516,NA,-3.3,5.84,5.8,69495,5.55,56.63,27.42,24.01,22.61,97971,31.87,11946,86025,27.99,45427,23.05,27.19,13.91,0,73795,NA,NA
"googl",2022,282836,9.78,126203,156633,42291,0,81791,74842,357,3157,71328,11356,59972,12943,NA,-2.5,4.59,4.56,60010,4.64,55.38,26.46,21.2,21.22,85160,30.11,13475,71685,25.35,39500,-21.12,-18.72,15.92,0,59972,NA,NA
"googl",2021,257637,41.15,110939,146698,36422,0,67984,78714,346,-12366,90734,14701,76033,13275,NA,-1.87,5.69,5.61,67012,5.05,56.94,30.55,29.51,26.01,101353,39.34,10273,91080,35.35,31562,88.81,91.47,16.2,0,76033,NA,NA
"googl",2020,182527,12.77,84732,97795,28998,0,56571,41224,135,-6993,48082,7813,40269,13529,NA,-1.92,2.96,2.93,42843,3.17,53.58,22.59,22.06,23.47,61914,33.92,13697,48217,26.42,27573,17.26,19.2,16.25,0,40269,NA,NA
"googl",2019,161857,18.3,71896,89961,28015,1697,55730,34231,100,-5494,39625,5282,34343,13794,NA,-0.83,2.48,2.46,30972,2.25,55.58,21.15,21.22,19.14,51506,31.82,11781,39725,24.54,26018,11.74,12.49,13.33,0,34343,NA,NA
"googl",2018,136819,23.42,59549,77270,23256,5071,49746,27524,114,-7503,34913,4177,30736,13909,NA,0.1,2.21,2.19,22832,1.64,56.48,20.12,22.46,16.69,44062,32.2,9035,35027,25.6,21419,142.74,142.78,11.96,0,30736,NA,NA
"googl",2017,110855,22.8,45583,65272,19733,2736,39094,26178,109,-1124,27193,14531,12662,13896,NA,0.81,0.91,0.9,23907,1.72,58.88,23.61,11.42,21.57,34217,30.87,6915,27302,24.63,16625,-34.99,-35.39,53.44,0,12662,NA,NA
"googl",2016,90272,20.38,35138,55134,17470,0,31418,23716,124,-558,24150,4672,19478,13785,NA,0.22,1.42,1.39,26064,1.89,61.08,26.27,21.58,28.87,30418,33.7,6144,24274,26.89,13948,23.08,21.98,19.35,0,19478,NA,NA
"googl",2015,74989,13.62,28164,46825,15183,0,27465,19360,104,-395,19651,3303,16348,13755,NA,0.1,1.16,1.14,16657,1.21,62.44,25.82,21.1,22.21,24818,33.1,5063,19755,26.34,12282,11.96,11.09,16.81,522,15826,NA,NA
"googl",2014,66001,18.88,25691,40310,13982,0,23814,16496,101,-1380,17775,3639,14136,13519,NA,1.39,1.05,1.03,12065,0.89,61.07,24.99,21.42,18.28,22855,34.63,4979,17876,27.08,9832,11.02,9.36,20.47,0,14136,NA,NA
"fdp",2023,4321,-2.74,3970,350.7,186.7,105.5,292.2,58.5,24.1,27.7,6.7,18.1,-11.4,48,48,0.07,-0.24,-0.24,240.1,5,8.12,1.35,-0.26,5.56,115.6,2.68,84.8,30.8,0.71,NA,NA,NA,NA,NA,NA,0.75,25
"fdp",2022,4442,4.48,4102,340.2,186.8,-2.9,183.9,156.3,24.4,13.2,118.7,20.1,98.6,48,48,0.51,2.06,2.06,22.4,0.47,7.66,3.52,2.22,0.5,235.6,5.3,92.5,143.1,3.22,NA,NA,NA,NA,NA,NA,0.6,20
"fdp",2021,4252,1.18,3948,303.8,192.9,-0.1,192.8,111,20.3,8.7,82,2,80,48,48,0.09,1.68,1.68,47.5,1,7.14,2.61,1.88,1.12,199.1,4.68,96.8,102.3,2.41,NA,NA,NA,NA,NA,NA,0.5,66.67
"fdp",2020,4202,-6.39,3951,250.9,196.2,-21.8,174.4,76.5,21.4,0.9,54.2,5,49.2,48,48,-1.52,1.03,1.03,70.1,1.47,5.97,1.82,1.17,1.67,170.6,4.06,95,75.6,1.8,NA,NA,NA,NA,NA,NA,0.3,114.29
"fdp",2019,4489,-0.11,4183,306.4,201.5,-9.2,192.3,114.1,25.4,0.8,87.9,21.4,66.5,48,48,-0.48,1.38,1.37,116.2,2.41,6.83,2.54,1.48,2.59,211.2,4.7,97.9,113.3,2.52,NA,NA,NA,NA,NA,NA,0.14,-76.67
"fdp",2018,4494,9.99,4208,285.9,200.8,46.5,247.3,38.6,23.6,20.8,-5.8,16.1,-21.9,49,49,-3.88,-0.45,-0.45,113.5,2.33,6.36,0.86,-0.49,2.53,118.3,2.63,100.5,17.8,0.4,NA,NA,NA,NA,NA,NA,0.6,0
"fdp",2017,4086,1.85,3754,331.6,173.2,5.7,178.9,152.7,6.4,0.6,145.7,24.9,120.8,50,51,-2.64,2.4,2.39,60.4,1.2,8.12,3.74,2.96,1.48,232,5.68,79.9,152.1,3.72,NA,NA,NA,NA,NA,NA,0.6,9.09
"fdp",2016,4012,-1.11,3550,461.4,187.4,29.8,217.2,244.2,4.1,3.2,236.9,11.8,225.1,52,52,-2.33,4.37,4.33,210.3,4.08,11.5,6.09,5.61,5.24,319.5,7.96,78.5,241,6.01,NA,NA,NA,NA,NA,NA,0.55,10
"fdp",2015,4057,3.28,3714,342.3,183.9,67.4,251.3,91,4.3,10.6,76.1,13.7,62.4,53,53,-5.59,1.18,1.17,112.5,2.13,8.44,2.24,1.54,2.77,152.8,3.77,72.4,80.4,1.98,NA,NA,NA,NA,NA,NA,0.5,0
"fdp",2014,3928,6.62,3563,364.8,175.8,15.5,191.3,173.5,3.2,13.6,156.7,14.3,142.4,56,56,-0.14,2.54,2.53,83.2,1.49,9.29,4.42,3.63,2.12,233.2,5.94,73.3,159.9,4.07,NA,NA,NA,NA,NA,NA,0.5,0
"elv",2023,171340,9.42,141623,29717,20087,885,20972,8745,1030,NA,7711,1724,5987,235,NA,-1.62,25.38,25.22,6765,28.79,17.34,5.1,3.49,3.95,10486,6.12,1745,8741,5.1,NA,1.58,3.87,22.36,NA,NA,5.92,15.63
"elv",2022,156595,12.95,129677,26918,17700,767,18467,8451,851,NA,7606,1712,5894,239,NA,-1.6,24.56,24.28,7247,30.34,17.19,5.4,3.76,4.63,10132,6.47,1675,8457,5.4,NA,-4.29,-2.69,22.51,NA,NA,5.12,13.27
"elv",2021,138639,13.76,113466,25173,15918,441,16359,8814,798,NA,8004,1846,6158,243,NA,-2.41,25.26,24.95,7277,29.98,18.16,6.36,4.44,5.25,10104,7.29,1302,8802,6.35,NA,34.69,38.77,23.06,NA,NA,4.52,18.95
"elv",2020,121867,16.94,96998,24869,17450,361,17811,7058,784,NA,6238,1666,4572,249,NA,-1.92,18.23,17.98,9667,38.87,20.41,5.79,3.75,7.93,8176,6.71,1154,7022,5.76,NA,-4.89,-2.65,26.71,NA,NA,3.8,18.75
"elv",2019,104213,13.15,83778,20435,13364,338,13702,6733,746,NA,5985,1178,4807,254,NA,-1.96,18.81,18.47,4984,19.66,19.61,6.46,4.61,4.78,7864,7.55,1133,6731,6.46,NA,28.19,30.16,19.68,NA,NA,3.2,6.67
"elv",2018,92105,2.29,71895,20210,14020,358,14378,5832,753,NA,5068,1318,3750,259,NA,0.73,14.53,14.19,2619,10.13,21.94,6.33,4.07,2.84,6953,7.55,1132,5821,6.32,NA,-2.42,-1.11,26.01,NA,NA,3,11.11
"elv",2017,90040,6.1,72236,17804,12650,169,12819,4985,739,NA,3964,121,3843,257,NA,-2.53,14.7,14.35,3394,13.22,19.77,5.54,4.27,3.77,5594,6.21,891,4703,5.22,NA,55.59,55.81,3.05,NA,NA,2.7,3.85
"elv",2016,84863,7.21,66834,18029,12559,192,12751,5278,723,NA,4555,2085,2470,263,NA,0.91,9.39,9.21,2686,10.2,21.24,6.22,2.91,3.17,6190,7.29,912,5278,6.22,NA,-3.52,-1.81,45.77,NA,NA,2.6,4
"elv",2015,79157,7.15,61117,18040,12535,230.1,12765,5275,653,NA,4631,2071,2560,261,NA,-3.29,9.73,9.38,3609,13.82,22.79,6.66,3.23,4.56,6192,7.82,907.9,5284,6.68,NA,-0.38,4.34,44.72,NA,NA,2.5,42.69
"elv",2014,73874,4.01,56855,17019,11748,220.9,11969,5050,600.7,NA,4378,1808,2570,270,NA,-8.62,9.31,8.99,2743,10.16,23.04,6.84,3.48,3.71,5829,7.89,851,4978,6.74,NA,3.21,9.63,41.3,NA,NA,1.752,16.8
"dis",2023,88898,7.47,59201,29697,15336,9261,24597,5100,1209,158,3733,1379,2354,1828,1830,0.16,1.29,1.29,4897,2.68,33.41,5.74,2.65,5.51,10311,11.6,5369,4942,5.56,NA,NA,NA,NA,NA,NA,NA,NA
"dis",2022,82722,22.7,54401,28321,16388,5400,21788,6533,1397,259,4877,1732,3145,1822,1827,-0.05,1.73,1.72,1067,0.59,34.24,7.9,3.8,1.29,11437,13.83,5163,6274,7.58,NA,NA,NA,NA,NA,NA,NA,NA
"dis",2021,67418,3.1,45131,22287,13517,5765,19282,3005,1406,-421,2020,25,1995,1816,1828,1.11,1.1,1.09,1989,1.09,33.06,4.46,2.96,2.95,8537,12.66,5111,3426,5.08,NA,NA,NA,NA,NA,NA,NA,NA
"dis",2020,65388,-6.06,43880,21508,12369,11080,23449,-1941,1491,-1267,-2165,699,-2864,1808,1808,8.52,-1.58,-1.58,3596,1.99,32.89,-2.97,-4.38,5.5,4671,7.14,5345,-674,-1.03,NA,NA,NA,NA,NA,NA,NA,NA
"dis",2019,69607,17.12,42061,27546,11549,5350,16899,10647,978,-4411,14080,3026,11054,1656,1666,10.55,6.68,6.64,1730,1.04,39.57,15.3,15.88,2.49,19225,27.62,4167,15058,21.63,NA,NA,NA,NA,NA,NA,NA,NA
"dis",2018,59434,7.79,32726,26708,8860,3044,11904,14804,574,-31,14261,1663,12598,1499,1507,-4.5,8.4,8.36,9830,6.56,44.94,24.91,21.2,16.54,17846,30.03,3011,14835,24.96,NA,NA,NA,NA,NA,NA,NA,NA
"dis",2017,55137,-0.89,30306,24831,8176,2880,11056,13775,385,-12,13402,4422,8980,1568,1578,-3.72,5.73,5.69,8720,5.56,45.04,24.98,16.29,15.82,16569,30.05,2782,13787,25,NA,NA,NA,NA,NA,NA,NA,NA
"dis",2016,55632,6.04,29993,25639,8754,2683,11437,14202,260,-527,14469,5078,9391,1629,1639,-4.1,5.76,5.73,8363,5.13,46.09,25.53,16.88,15.03,17256,31.02,2527,14729,26.48,NA,NA,NA,NA,NA,NA,NA,NA
"dis",2015,52465,7.48,28364,24101,8523,2407,10930,13171,117,-344,13398,5016,8382,1694,1709,-2.84,4.95,4.9,7120,4.2,45.94,25.1,15.98,13.57,15869,30.25,2354,13515,25.76,NA,NA,NA,NA,NA,NA,NA,NA
"dis",2014,48813,8.37,26420,22393,8565,2428,10993,11400,-23,-320,11743,4242,7501,1740,1759,-2.98,4.31,4.26,6469,3.72,45.88,23.35,15.37,13.25,14008,28.7,2288,11720,24.01,NA,NA,NA,NA,NA,NA,NA,NA
"cvs",2023,357776,10.95,303345,54431,39832,856,40688,13743,2658,-64,11149,2805,8344,1285,1290,-2.49,6.49,6.47,10395,8.09,15.21,3.84,2.33,2.91,13807,3.86,0,13807,3.86,NA,NA,NA,25.16,NA,NA,2.42,10
"cvs",2022,322467,10.39,267965,54502,38212,8336,46548,7954,2287,-153,5820,1509,4311,1312,1323,-0.45,3.29,3.26,13450,10.25,16.9,2.47,1.34,4.17,8107,2.51,0,8107,2.51,NA,NA,NA,25.93,NA,NA,2.2,10
"cvs",2021,292111,8.71,239991,52120,37021,1789,38810,13310,2503,258,10549,2548,8001,1319,1329,1.14,6.07,6.02,15745,11.94,17.84,4.56,2.74,5.39,13052,4.47,0,13052,4.47,NA,NA,NA,24.15,NA,NA,2,0
"cvs",2020,268706,4.65,219660,49046,35135,0,35135,13911,2907,1256,9748,2569,7179,1309,1314,0.69,5.48,5.46,13428,10.26,18.25,5.18,2.67,5,17096,6.36,4441,12655,4.71,NA,NA,NA,26.35,NA,NA,2,0
"cvs",2019,256776,31.96,211248,45528,33310,231,33541,11987,3035,-48,9000,2366,6634,1301,1305,25,5.1,5.08,10391,7.99,17.73,4.67,2.58,4.05,16406,6.39,4371,12035,4.69,NA,NA,NA,26.29,NA,NA,2,0
"cvs",2018,194579,5.3,163041,31538,21368,6149,27517,4021,2619,-6,1408,2002,-594,1044,1044,1.95,-0.57,-0.57,6828,6.54,16.21,2.07,-0.31,3.51,6745,3.47,2718,4027,2.07,NA,NA,NA,142.19,NA,NA,2,0
"cvs",2017,184786,4.08,156258,28528,18809,181,18990,9538,1062,217,8259,1637,6622,1020,1024,-5.1,6.47,6.44,6089,5.97,15.44,5.16,3.58,3.3,11800,6.39,2479,9321,5.04,NA,NA,NA,19.82,NA,NA,2,17.65
"cvs",2016,177546,15.82,148712,28834,18448,0,18448,10386,1078,674,8634,3317,5317,1073,1079,-4.17,4.93,4.9,7917,7.38,16.24,5.85,2.99,4.46,12187,6.86,2475,9712,5.47,NA,NA,NA,38.42,NA,NA,1.7,21.43
"cvs",2015,153290,9.99,126762,26528,17053,21,17074,9454,838,-7,8623,3386,5237,1118,1126,-3.68,4.66,4.63,6207,5.55,17.31,6.17,3.42,4.05,11553,7.54,2092,9461,6.17,NA,NA,NA,39.27,NA,NA,1.4,27.27
"cvs",2014,139367,9.94,114000,25367,16568,0,16568,8799,600,522,7677,3033,4644,1161,1169,-4.65,3.98,3.96,6012,5.18,18.2,6.31,3.33,4.31,10208,7.32,1931,8277,5.94,NA,NA,NA,39.51,NA,NA,1.1,22.22
"unh",2023,371622,14.64,280664,90958,54628,3972,58600,32358,3246,NA,28349,5968,22381,928,938,-1.26,24.12,23.86,25682,27.68,24.48,8.71,6.02,6.91,35567,9.57,3972,31595,8.5,NA,11.24,12.65,21.05,NA,NA,7.29,13.91
"unh",2022,324162,12.71,244545,79617,47782,3400,51182,28435,2092,NA,25824,5704,20120,937,950,-0.63,21.47,21.18,23404,24.98,24.56,8.77,6.21,7.22,31316,9.66,3400,27916,8.61,NA,16.4,17.15,22.09,NA,NA,6.4,14.29
"unh",2021,287597,11.84,217945,69652,42579,3103,45682,23970,1660,NA,21863,4578,17285,943,956,-0.52,18.33,18.08,19889,21.09,24.22,8.33,6.01,6.92,26626,9.26,3103,23523,8.18,NA,12.22,12.79,20.94,NA,NA,5.6,15.94
"unh",2020,257141,6.19,190141,67000,41704,2891,44595,22405,1663,NA,20376,4973,15403,949,961,-0.52,16.23,16.03,20123,21.2,26.06,8.71,5.99,7.83,24930,9.7,2891,22039,8.57,NA,11.3,11.86,24.41,NA,NA,4.83,16.67
"unh",2019,242155,7.03,184557,57598,35193,2720,37913,19685,1704,NA,17581,3742,13839,951,966,-1.73,14.55,14.33,16392,17.24,23.79,8.13,5.71,6.77,22005,9.09,2720,19285,7.96,NA,15.46,17.56,21.28,NA,NA,4.14,20
"unh",2018,226247,12.47,172401,53846,34074,2428,36502,17344,1400,NA,15548,3562,11986,963,983,-0.2,12.45,12.19,13650,14.17,23.8,7.67,5.3,6.03,19376,8.56,2428,16948,7.49,NA,13.53,13.71,22.91,NA,NA,3.45,20
"unh",2017,201159,8.83,154148,47011,29557,2245,31802,15209,1186,NA,13758,3200,10558,964,985,1.76,10.95,10.72,11573,12.01,23.37,7.56,5.25,5.75,17189,8.54,2245,14944,7.43,NA,50.46,47.86,23.26,NA,NA,2.875,21.05
"unh",2016,184840,17.65,141454,43386,28401,2055,30456,12930,1067,NA,11807,4790,7017,952,968,0.1,7.37,7.25,8090,8.5,23.47,7,3.8,4.38,14929,8.08,2055,12874,6.96,NA,20.71,20.63,40.57,NA,NA,2.375,26.67
"unh",2015,157107,20.41,120081,37026,24312,1693,26005,11021,790,NA,10176,4363,5813,953,967,-1.93,6.1,6.01,8184,8.59,23.57,7.01,3.7,5.21,12659,8.06,1693,10966,6.98,NA,3.45,5.44,42.88,NA,NA,1.875,33.45
"unh",2014,130474,6.52,97459,33015,21263,1478,22741,10274,618,NA,9656,4037,5619,972,986,-3.62,5.78,5.7,6526,6.71,25.3,7.87,4.31,5,11752,9.01,1478,10274,7.87,NA,-0.11,3.64,41.81,NA,NA,1.405,33.56
"bidu",2023,134598,8.83,65031,69567,23519,NA,47711,21856,3248,-5356,23964,3649,20315,2807,2837,1,55.84,55.12,25425,72.46,51.69,16.24,15.09,18.89,41581,30.89,14369,27212,20.22,24192,168.75,177.82,15.23,NA,NA,NA,NA
"bidu",2022,123675,-0.66,63935,59740,20514,NA,43829,15911,2913,2861,10137,2578,7559,2782,2809,-0.18,20,19.84,17884,51.43,48.3,12.87,6.11,14.46,25353,20.5,12303,13050,10.55,23315,-26.08,-29.34,25.43,NA,NA,NA,NA
"bidu",2021,124493,16.27,64314,60179,24723,NA,49661,10518,3421,-6316,13413,3187,10226,2758,2814,2.1,28.64,28.08,9226,26.76,48.34,8.45,8.21,7.41,29310,23.54,12476,16834,13.52,24938,-54.49,-56.77,23.76,NA,NA,NA,NA
"bidu",2020,107074,-0.32,55158,51916,18063,NA,37576,14340,3103,-15299,26536,4064,22472,2732,2756,-1.25,65.52,64.96,19116,55.98,48.49,13.39,20.99,17.85,40489,37.81,10850,29639,27.68,19513,992.46,1060,15.32,NA,NA,NA,NA
"bidu",2019,107413,5.02,62850,44563,19910,NA,38256,6307,2960,-658,4005,1948,2057,2787,2791,-0.82,5.68,5.6,9878,28.36,41.49,5.87,1.92,9.2,16218,15.1,9253,6965,6.48,18346,-92.54,-92.82,48.64,NA,NA,NA,NA
"bidu",2018,102277,20.6,51744,50533,19231,NA,35003,15530,1883,-18669,32316,4743,27573,2792,2814,0.64,78.64,78,14079,40.34,49.41,15.18,26.96,13.77,40580,39.68,6381,34199,33.44,15772,50.66,48.83,14.68,NA,NA,NA,NA
"bidu",2017,84809,20.21,43062,41747,13128,NA,26056,15691,1615,-7220,21296,2995,18301,2778,2796,0.56,52.75,52.41,18927,54.51,49.22,18.5,21.58,22.32,35470,41.82,12559,22911,27.01,12928,57.33,64.48,14.06,NA,NA,NA,NA
"bidu",2016,70549,6.28,35278,35271,15071,NA,25222,10049,1158,-5654,14545,2913,11632,2773,2781,-0.79,31.95,31.86,18346,52.92,50,14.24,16.49,26,19154,27.15,3451,15703,22.26,10151,-65.45,-66.51,20.03,NA,NA,NA,NA
"bidu",2015,66382,35.33,27458,38924,17076,NA,27252,11672,1041,-28508,39139,5475,33664,2794,2803,-0.47,95.46,95.15,14543,41.64,58.64,17.58,50.71,21.91,43066,64.88,2886,40180,60.53,10176,155.09,154.8,13.99,NA,NA,NA,NA
"bidu",2014,49052,53.56,18885,30167,10382,NA,17363,12804,628.57,-3252.91,15428,2231,13197,2805,2816,0.46,37.49,37.34,13130,37.45,61.5,26.1,26.9,26.77,18281,37.27,2224,16057,32.73,6981,25.08,24.38,14.46,NA,NA,NA,NA
"agro",2023,1299,-3.62,973.18,325.69,199.41,-25.59,173.82,151.87,122.09,-275.18,304.96,78.67,226.29,107,NA,NA,2.11,2.1,230.11,2.16,25.07,11.69,17.42,17.72,701.15,53.98,274.1,427.05,32.88,NA,NA,NA,NA,NA,NA,NA,NA
"agro",2022,1348,19.87,1076,271.98,227.8,-1.87,225.93,46.05,137.6,-226.45,134.9,26.76,108.14,111,NA,NA,0.98,0.98,155.8,1.4,20.18,3.42,8.02,11.56,526.88,39.09,254.38,272.5,20.22,NA,NA,NA,NA,NA,NA,NA,NA
"agro",2021,1124,37.49,854.97,269.39,187.46,18.77,206.22,63.16,151.68,-263.02,174.51,43.84,130.67,117,NA,NA,1.14,1.13,148.64,1.27,23.96,5.62,11.62,13.22,544.31,48.41,218.13,326.19,29.01,NA,NA,NA,NA,NA,NA,NA,NA
"agro",2020,817.76,-7.82,611.95,205.82,148.49,-1.99,146.5,59.32,213.78,-167.19,12.74,12.33,0.41,117,NA,NA,0,0,100.76,0.86,25.17,7.25,0.05,12.32,409.21,50.04,182.69,226.51,27.7,NA,NA,NA,NA,NA,NA,NA,NA
"agro",2019,887.14,11.84,671.17,215.97,164.17,0.82,165,50.97,202.57,-171.65,20.05,20.82,-0.77,118,NA,NA,-0.01,-0.01,73.2,0.62,24.34,5.75,-0.09,8.25,442.22,49.85,219.61,222.61,25.09,NA,NA,NA,NA,NA,NA,NA,NA
"agro",2018,793.24,-15,609.97,183.27,146.3,-104.23,42.06,141.21,163.94,2.92,-25.65,-1.02,-24.62,118,NA,NA,-0.21,-0.21,39,0.33,23.1,17.8,-3.1,4.92,292.55,36.88,154.25,138.29,17.43,NA,NA,NA,NA,NA,NA,NA,NA
"agro",2017,933.18,7.36,766.73,166.45,152.7,-43.76,108.94,57.52,131.35,-82.04,8.21,-4.99,13.2,121,NA,NA,0.11,0.11,39.68,0.33,17.84,6.16,1.41,4.25,290.56,31.14,151.01,139.56,14.95,NA,NA,NA,NA,NA,NA,NA,NA
"agro",2016,869.24,28.91,678.58,190.65,131.42,-5.75,125.67,64.98,165.38,-124.86,24.47,12.9,11.57,121,NA,NA,0.1,0.09,126.93,1.05,21.93,7.48,1.33,14.6,317.35,36.51,127.5,189.85,21.84,NA,NA,NA,NA,NA,NA,NA,NA
"agro",2015,674.31,-6.73,557.79,116.53,118.69,-31.07,87.63,28.9,116.89,-74.44,-13.55,-7.95,-5.59,120,NA,NA,-0.05,-0.05,17.33,0.14,17.28,4.29,-0.83,2.57,207.74,30.81,104.4,103.34,15.33,NA,NA,NA,NA,NA,NA,NA,NA
"agro",2014,722.97,12.15,605.33,117.64,131.56,-11.98,119.58,-1.94,86.47,-110.06,21.65,10.54,11.12,122,NA,NA,0.09,0.09,-184.55,-1.52,16.27,-0.27,1.54,-25.53,245.8,34,137.67,108.12,14.96,NA,NA,NA,NA,NA,NA,NA,NA
"adm",2023,93935,-7.5,86422,7513,3456,342,3798,3715,647,-1243,4311,828,3483,541,542,NA,6.44,6.43,2966,5.48,8,3.95,3.71,3.16,6017,6.41,1059,4958,5.28,NA,-19.75,-16.6,19.21,NA,NA,1.8,12.5
"adm",2022,101556,19.13,93986,7570,3358,66,3424,4146,396,-1458,5208,868,4340,562,563,NA,7.72,7.71,2159,3.84,7.45,4.08,4.27,2.13,6632,6.53,1028,5604,5.52,NA,60.21,60.96,16.67,NA,NA,1.6,8.11
"adm",2021,85249,32.47,79262,5987,2994,164,3158,2829,265,-723,3287,578,2709,564,566,NA,4.8,4.79,5426,9.62,7.02,3.32,3.18,6.36,4548,5.33,996,3552,4.17,NA,52.88,52.06,17.58,NA,NA,1.48,2.78
"adm",2020,64355,-0.47,59902,4453,2687,80,2767,1686,339,-526,1873,101,1772,561,565,NA,3.16,3.15,-3209,-5.72,6.92,2.62,2.75,-4.99,3188,4.95,976,2212,3.44,NA,28.5,29.1,5.39,NA,NA,1.44,2.86
"adm",2019,64656,0.49,60509,4147,2493,303,2796,1351,402,-639,1588,209,1379,563,565,NA,2.45,2.44,-6280,-11.15,6.41,2.09,2.13,-9.71,2983,4.61,993,1990,3.08,NA,-23.81,-23.51,13.16,NA,NA,1.4,4.48
"adm",2018,64341,5.78,60160,4181,2165,171,2336,1845,364,-574,2055,245,1810,564,567,NA,3.21,3.19,-5626,-9.97,6.5,2.87,2.81,-8.74,3360,5.22,941,2419,3.76,NA,13.48,14.34,11.92,NA,NA,1.34,4.69
"adm",2017,60828,-2.43,57310,3518,1978,173,2151,1367,330,-565,1602,7,1595,569,572,NA,2.8,2.79,-7015,-12.33,5.78,2.25,2.62,-11.53,2856,4.7,924,1932,3.18,NA,24.71,29.17,0.44,NA,NA,1.28,6.67
"adm",2016,62346,-7.91,58728,3618,1981,55,2036,1582,293,-524,1813,534,1279,588,591,NA,2.18,2.16,-7390,-12.57,5.8,2.54,2.05,-11.85,3006,4.82,900,2106,3.38,NA,-30.83,-27.52,29.45,NA,NA,1.2,7.14
"adm",2015,67702,-16.62,63736,3966,1985,200,2185,1781,308,-814,2287,438,1849,618,621,NA,2.99,2.98,580,0.94,5.86,2.63,2.73,0.86,3477,5.14,882,2595,3.83,NA,-17.75,-13.12,19.15,NA,NA,1.12,16.67
"adm",2014,81201,-9.58,76433,4768,1933,105,2038,2730,337,-732,3125,877,2248,653,656,NA,3.44,3.43,4049,6.2,5.87,3.36,2.77,4.99,4356,5.36,894,3462,4.26,NA,67.51,69.8,28.06,NA,NA,0.96,26.32
